2.337417380988025428e+00,-1.276552283899512252e+00,-2.781975452099670343e-01,-8.365400278305298309e-01,-2.267390580866438299e+00,8.336440596968848205e-01,4.534071643963067944e-01,9.143311882356723597e-02,5.740634201089194200e-01,9.331363680608260047e-01,2.336071723948996703e-01,-4.399150479227131871e-02,3.338715887813221705e-01,-5.632377045430043278e-02,-9.209340824646466452e-04,1.201278489802114630e-16,-3.000013055384107274e-15,1.279508056358051179e-16,8.019803285776779527e-17,6.071268901959602567e-17
2.236662774199185577e+00,2.751240956523751113e-02,1.212943816355874338e+00,-4.592644108041048223e-02,3.919093802253330039e-01,-7.876176988316577199e-02,2.237877527815791689e-01,-8.531543338293440248e-02,-5.575674781100957711e-01,-7.993446955170561141e-01,-1.706080173560459712e-01,-2.094208348366976072e-02,3.251236428899564879e-01,3.554366017370383934e-01,-1.735530957477392569e-02,-1.989377552132175894e-15,-2.578086851497309964e-17,1.480122260391117302e-15,-7.270505063620102943e-17,-5.238496186653731636e-17
-2.976785184109976168e+00,6.684897190672234313e-01,-5.054576559296177773e-01,5.647746165057306866e-01,-1.371505824522803119e+00,1.263211179303857790e-01,4.980856760635800073e-01,4.283627988650933610e-02,8.418269432721499079e-01,-3.257805004692632678e-01,-6.122018115986815889e-01,3.947870420798108571e-01,-2.258002811300983403e-01,1.974975965490198548e-01,-3.286307622301058023e-02,1.078398414202825704e-15,-1.043241623102934743e-15,-3.558801570350253136e-16,-1.174604373468172487e-16,-1.907329252073171926e-16
2.908083938547560976e+00,3.105056018996046330e-01,-8.546060167667091090e-01,1.663453870327066486e+00,3.163144583824906708e-01,5.577777802354940695e-01,8.817750783721379770e-01,3.948595968941220336e-01,5.705796148603767270e-02,-5.387040185410102433e-01,1.998442512903988999e-02,1.925304645969884779e-02,3.470614704551561736e-01,-5.125408065964832255e-02,1.940578567167819402e-02,-1.290535457310604645e-15,-5.302429478967108898e-17,-2.978964620800805418e-17,1.958869448316930283e-17,-1.999078194164929957e-18
-2.326989700825542684e+00,2.703905856897305782e+00,-1.448497680462162096e+00,2.673885223003484413e+00,-3.812443708348411953e+00,-1.954109300384999193e+00,-3.215131965800582137e+00,-8.596528086958235004e-01,-1.636507757565835108e+00,-7.734627183941684692e-01,2.266359072147652309e+00,2.964768154443123138e-02,-2.161943610186402853e-01,1.034282029288287885e-01,1.248682694239741479e-02,-2.346785055620553606e-15,2.224275389772017243e-17,-1.851420580343960203e-17,5.808791612831716132e-17,-4.032570246155037929e-18
3.228981537683926373e+00,3.808669567507484977e-01,1.756829177119553664e+00,5.121164899432314455e-01,-4.544457270642716651e-01,-7.085192175254838576e-01,7.790284631404638394e-02,4.090902741513740559e-01,7.036533021099783403e-02,9.499820191239085609e-01,8.497374569731450111e-02,-8.522380632088800978e-02,4.044470842509345077e-01,-5.305128535727566402e-02,1.362531749259274054e-02,2.664048756697317263e-15,1.295561732384530166e-16,-5.181039059557331105e-18,-4.989334821377319542e-17,-4.990328868818000515e-18
-7.696499002606638218e-01,5.547329226353701070e-01,-3.399635040168973998e-01,-7.830615147769788287e-01,1.125051313509189965e+00,-3.943516472516414018e-01,4.513997112183784077e-01,1.972666170728707702e-01,7.476272286150738022e-01,-1.178359101199302428e+00,4.904372621906930019e-01,3.579387000086623472e-01,-6.142273740704322638e-01,-3.638074319315260929e-01,-7.083780627786703810e-02,3.220764863780921681e-16,-5.016313005552397638e-17,3.966557207401339304e-17,-1.603185509613277835e-17,4.994326169384448623e-18
1.244274658055264382e+00,1.059827779356314226e+00,-1.223877055322056817e+00,-1.157837603159453499e+00,3.196360959997927853e-02,8.799723311026727557e-02,2.230468025251274022e-01,4.925651941396704259e-01,5.071327574275122929e-01,-9.800401536923528112e-02,-7.972838472702882540e-02,3.422692358506675969e-01,-6.605209184008407376e-03,-2.633567522929193827e-01,2.427490626017581379e-02,6.007527814427231977e-16,2.075845193782951829e-16,1.038186338136996585e-16,7.618536037199256506e-16,-4.324209855051704422e-17
1.935739943990982814e+00,7.137165827982072663e-01,-2.961827575653417921e-01,6.602743878552317369e-01,-1.813909978271603940e+00,-3.491943555502067253e-01,2.419483562671468913e-01,3.101553483947256384e-01,1.358283478179812320e+00,1.619219794569589088e-01,-4.703148773295277585e-01,7.165669653356201430e-01,1.686619467506956516e-01,-5.889674732253690620e-02,3.173154805413168356e-02,-7.175354311891407167e-16,1.873653690661846669e-16,-2.278553836602562460e-18,-2.311221967060098365e-17,2.245848157241069739e-18
2.520725518035698443e+00,3.246741236256624197e-02,-2.040552755441586097e+00,1.163733335794298274e+00,-3.735535473926162364e+00,-1.805440860302560901e+00,-3.794743748879748413e+00,-1.837903309356104575e+00,-1.995734813297445287e+00,-1.063142393198084346e+00,1.799329833525844080e+00,2.712445674799249806e-01,4.037726776459620304e-01,-2.073358392828577312e-01,-3.328479723941654006e-02,1.942941213170087791e-15,1.329758624242739156e-17,9.421299104935362103e-18,-1.676411536653932816e-17,-4.691964455021411216e-18
3.124837717734560094e+00,-8.256694659709884476e-01,-8.803834050220833429e-01,1.732171520355928473e-01,-1.552988256988955706e+00,5.791652329668963706e-01,2.006632794906243744e-01,9.744116108542615062e-02,1.580422414737709946e-01,8.059460017089318251e-01,3.872152265986691932e-02,-4.424553059834093749e-01,5.196035569855177449e-01,2.449464842985039637e-01,-3.161147067723982934e-02,2.075395182193412995e-15,2.349935576115945798e-16,-1.250882439186519854e-17,8.694408139115482477e-20,-4.341163765587354574e-18
1.650450339494414997e+00,2.101326565061166551e+00,-8.043010782511175183e-01,1.236533388409839285e+00,1.444466877478304545e-01,-1.207162156040922252e+00,-3.732473038707151414e-01,4.988804185342696762e-01,5.641362763637685074e-01,3.978427323747252276e-01,-9.983438829569302175e-01,-1.801778571381456306e-01,3.165748412735929773e-01,8.237846323382342906e-01,-5.138954160699425039e-02,-1.638230525257777954e-15,-9.517203191979550871e-17,-4.970799007722816636e-17,2.750603259015275775e-17,9.632429812685847479e-18
-6.470699818131565584e-01,-5.488170024227806421e-01,-1.447443023481544078e+00,-2.508680351151426180e+00,-6.232389367515241974e-01,1.995415259440613542e-01,3.725120331679370178e-01,5.622949514812446425e-01,1.269234489301392044e+00,1.491796945635755600e+00,1.615595957758987788e+00,3.843216454513151970e-01,-6.986275763476226253e-01,1.430450099736198244e-01,-1.916667013843129444e-02,2.253790681943392132e-15,1.614067784235695369e-16,9.517689917676034322e-17,-2.551575423292676107e-17,-6.759236683127696177e-19
-6.086996177640516814e-01,1.054957125580715527e-01,-5.868134755334567521e-01,-2.735919317779614168e+00,2.146376201145830276e+00,-1.463798858061069685e+00,-9.646505366479114496e-01,-2.932495104869151104e-01,-3.376109583278871229e-01,5.344093422601000620e-01,-5.855294077890257909e-02,5.049408576351206435e-01,-6.096520817056174657e-01,-2.479627020527112313e-01,-8.022199193362538477e-03,-5.989486682104988582e-16,-1.706290644234366213e-16,3.579270100341366010e-17,-1.654430103496574207e-17,-2.024520848876247036e-18
-7.637805746888162162e-01,1.330609238699823393e+00,1.959266416550410339e-01,5.744544407797732566e-01,-1.734047150805797965e+00,6.211444058572788141e-01,7.675314208952719319e-01,5.312612785675113747e-01,4.394490661695890643e-01,-1.830055558288470885e-01,-3.755605097827277583e-01,2.916257781348323697e-01,-2.130944356459762989e-01,1.195823900862992388e-02,4.614633312459266029e-02,-1.068097194399183077e-15,8.166310464475208390e-17,3.114529207092349289e-17,-1.150264761798573156e-17,4.701545250792788879e-18
1.390455529225107734e+00,1.883267060308909668e-01,-2.148713038020044486e-01,-7.664559383468896314e-01,1.091650254140783538e+00,-8.870166138351409657e-01,-3.053937868074502737e-01,-1.122553597453901236e-01,7.312129881613246840e-02,-2.343432602358239969e-01,-5.034627853955239152e-01,6.511457546588332590e-02,3.338060090571004501e-02,-6.598381514825311100e-01,-2.852830559099664084e-02,-7.801773734704074490e-16,-6.409199390076535391e-17,-5.840727809046685558e-18,-1.862650902587032869e-17,-3.522744157334924685e-18
2.292816443103848467e+00,6.401145077844871967e-01,-3.183145553943628192e-02,9.240598740580757697e-01,1.653171825672755668e+00,-3.967493474689871014e-01,4.537518317638382648e-01,3.986035728611463380e-01,-7.794955412062788691e-02,-5.789011150233362990e-01,5.281139213361903950e-01,-1.126907648532134015e-01,1.774591851250637842e-01,-2.318693428196309803e-01,9.157514969645287953e-03,2.342708597789788266e-16,-1.055449545229372851e-16,-2.565162021060789294e-17,-9.354692940209110779e-18,-3.932245144796255148e-18
2.993998369251070990e+00,-6.099312783076397126e-01,2.408713508051741337e-01,-4.138832391818877965e-01,1.517519439044414109e-01,-3.828260339447284166e-01,1.108072081275847942e-01,4.857021222785555536e-02,3.519979669146608980e-01,1.757207284163688765e-01,2.714360194454186193e-01,-7.970330166906706981e-02,2.607531014905881128e-01,1.421904377987368018e-01,2.605394389758344462e-02,-1.143975271709349334e-15,-4.298825598018171037e-17,-4.449327065742365564e-17,-4.337993506141950103e-19,-4.083496876299232013e-18
3.308420690929427810e-01,2.137106334914301353e+00,1.638914060725728872e+00,-6.433484548861823082e-01,1.115383433260916046e+00,4.467455950192233960e-01,2.977239504414301297e-01,3.021661060049026792e-01,-1.831668749419488984e+00,-1.658584301343026590e+00,-1.827394454200976792e-01,1.002359154848923156e-01,1.493991779235886441e-01,4.751566014136657801e-01,-1.617551133645970390e-02,1.894277623099160093e-15,-1.257397190201051352e-16,-5.901606398843020282e-17,1.801984888138262124e-17,5.366334120045026950e-18
2.383826359036571141e+00,2.146453984459448794e+00,-2.062026527622970562e+00,-2.566799204275177715e+00,1.271557352354525827e+00,-6.830954895636102142e-01,-7.837228128516484649e-01,6.010521242000225195e-01,-2.458390922145482216e-01,8.456212334277378728e-01,-5.084887549132495188e-01,5.901453396729967604e-01,2.930139754330728374e-01,-2.743765408998414049e-02,1.341622172169237848e-02,-1.104529800443177382e-15,-2.574683550862859025e-18,-3.984291589969926711e-17,-3.592306215029078406e-17,-3.570032404679127080e-18
-3.927247958286554930e-01,-2.815929384982201467e-01,5.219895923372878110e-01,4.003554380642673771e-02,-9.655722119700762551e-01,-8.046212272571279245e-01,1.728576460286652683e-01,-9.675871845522347747e-02,1.229148793896658098e+00,4.719452427588837762e-01,-5.558541481481703572e-01,7.602516714905033224e-01,-5.086181635025408543e-01,-2.448246679093753556e-02,2.613075902663236985e-02,-1.877969730704439451e-15,4.838959663010138062e-17,4.597455140218083804e-17,-7.534575271587422203e-18,3.953248645404508457e-18
1.520480302802854622e+00,-1.510662386042710192e+00,1.035568440686757352e+00,-1.858285413851074708e+00,-8.603414604124826059e-01,2.620435981146466142e-01,3.337022026979661327e-01,-1.944136338243607764e-01,2.204397238847648488e-01,2.272078401009007820e-01,7.703256805748637248e-01,6.206799069968884641e-01,-1.119917286110180127e-01,-1.578669626459911768e-01,3.599226098905543986e-02,-2.377348565724161618e-16,9.720056413820527147e-17,-7.427090237975593602e-18,-1.737386577531583973e-17,-5.618669722572330666e-18
-1.902403619368282950e+00,-1.489314560009132204e+00,-1.691219788463954044e-01,1.348743717479486959e-01,-6.887509670733352740e-01,9.315932287045960436e-01,1.015914567173670235e+00,-2.486065653624137395e-01,4.691269299976837948e-01,-9.562746950435363491e-01,4.393940821427543275e-01,-6.630078096367866269e-01,-3.368862868823779277e-01,-4.238650987277736010e-02,5.986191333481849508e-02,-6.005925311882637464e-16,2.307320975360914119e-17,1.556940001804518063e-17,1.561283883776293178e-18,-5.434847985621967907e-19
-6.618537057927274425e+00,-2.770586689944352532e+00,1.687776561091733907e-01,-6.326313731328626622e-01,8.247853987007061072e-01,-5.837405780367542762e-01,7.495667668523615657e-01,-9.995919380628078832e-01,1.673522176711818910e+00,-9.310460440233371271e-01,1.408462739169034084e+00,4.854443140942998336e-01,2.196613414742410786e+00,7.182409989764815088e-03,3.942038374257238187e-02,-5.785475547557190150e-16,9.993322399416396519e-17,-1.993124796026958941e-17,3.502129042509981356e-18,-3.411591419761227113e-18
3.023840465588887749e+00,-8.959661504545238797e-01,2.202869712194176904e-02,-1.664760318298255548e+00,-4.128009753395654041e-02,2.464997700863226851e-02,-2.142335326647433202e-01,-5.093876891836684323e-02,-4.551675565136478196e-01,8.104716126052726732e-01,3.233422680380482750e-01,-2.117620421131718722e-01,3.677554990678426616e-01,4.025084312711825207e-01,3.720079445847152434e-03,1.669511758955446067e-15,9.341714151839982254e-17,-2.911381106095509639e-17,1.118189986014216659e-18,-7.270363473614367976e-18
1.587700413851040881e+00,1.734942690934895504e+00,-7.344794680440093204e-01,1.599759992640212181e+00,-1.004732858295861009e+00,8.530768980751005093e-02,1.016260886835351762e+00,1.270989455842876925e+00,1.641167161717580480e+00,3.753984128907199014e-01,5.440051171990053502e-01,-4.176218306601026109e-01,2.310514212959259017e-01,-3.219526481758447911e-01,4.645818229608082717e-02,1.584321810291484839e-15,1.362639008025405248e-16,5.719459621552374303e-17,-3.198232729944038337e-17,-2.366087770295835210e-18
-4.548752796280173705e+00,6.003386291811103170e+00,1.255755507234623591e+00,1.250169921493665237e+00,-1.732862681397625004e-01,-5.054118651208058255e-01,4.360197269151449007e-01,2.185576217809789945e+00,-5.402242348746455480e-01,2.116159994893463292e+00,3.327227187399656172e-01,1.840057004400790994e-02,2.373479864363662040e-01,-2.183173255429774959e-02,3.586919518123527634e-02,-2.229430985890722807e-15,-9.574628237859002376e-17,3.926608254613593632e-17,-6.811713843114328969e-18,2.652334189570411576e-18
-3.787626924411644058e+00,-5.238627818574642658e-01,1.496287599224391807e+00,2.684670627408678456e-01,-6.273804138227741245e-02,-7.130263416985640479e-01,-2.888799576953540171e-01,-6.558674656184487750e-01,-7.937582423832464373e-01,5.848679762070063681e-01,-1.025525174666095385e+00,-3.865590192017126503e-01,3.622541832566538722e-01,-2.533172244536094908e-01,9.008815347664558826e-02,-2.129233044221503083e-15,-1.134966567547041657e-16,-2.526467515436100393e-17,1.485587883555095331e-17,-2.742817449118580317e-18
1.005617888802029070e+00,1.035076056260903599e+00,-9.396154944236398965e-01,-5.786820502944852729e-01,1.598255006744001561e+00,-8.419402073029614852e-01,2.219116251051268252e-01,5.764760691215953248e-01,1.006741693687599248e+00,-5.022403640283176207e-01,7.588736629151350277e-01,-1.451768043087808130e-02,-2.908720811023408070e-01,-2.475758220184177405e-01,-1.694298533216710700e-03,2.343122044269477850e-15,-8.791751558645572411e-17,5.695033490590665058e-17,-2.531493843722000679e-17,4.958448170795034486e-19
-4.959627366059491393e-01,-1.258932291137746295e+00,-4.365538145371025136e-01,-5.183170604309402796e-01,-5.847177029960973910e-02,-6.424613076660464772e-01,-4.677182858381045971e-01,-6.735990792338841793e-01,-2.302362835201977528e-02,5.009587349102282428e-01,-1.055317030037093540e+00,-4.139968748070794180e-01,-3.170381301524805018e-01,1.115405364179621658e-04,-1.271838098737707208e-02,-7.649204345177963802e-16,2.703508092167829665e-17,1.285075665226208765e-17,9.606935135239114186e-18,-1.142973861639261073e-18
-1.506586060887329825e+00,-1.706470264656011482e-01,-1.671936901470509607e-01,2.625154985755402404e-01,-7.098797627563936674e-02,-8.043934644484054264e-01,-3.228906546783235493e-02,-3.538534139103428067e-01,6.877496287797634222e-01,-1.719424304684453453e-01,-1.047425473110570326e+00,1.206238609371214354e-01,-5.258559765235167882e-01,1.534498968036263344e-01,9.619098213482088489e-02,-3.933166783952358559e-15,3.114987375957344596e-17,-2.602061289700622146e-17,-3.144719524630186141e-18,4.155124346835033599e-19
-8.601101367135732811e-01,-1.250122953857543351e+00,-3.827479517213158822e+00,5.316623418171789517e+00,3.000980279821800600e+00,1.625214923993143046e+00,1.636588071247699672e+00,-1.715698406566927292e-01,-2.216134446770376520e+00,1.083672775604273220e+00,4.822182078553223228e-01,2.178685910520285596e+00,-7.926927610135093838e-01,1.751417849681813355e-01,-2.162599665525414064e-02,7.926781079969848749e-16,-1.321531956829144001e-16,6.133158500821344792e-17,6.383647389551316945e-18,7.678675837050249027e-18
3.440117775154914459e-01,7.259746186280806590e-01,-1.529818894189558298e+00,4.245224490262800576e-01,9.765919013215902389e-01,-9.565269271553159536e-01,-4.068305614267517245e-02,2.291060468966471531e-01,9.793165309778831817e-01,-1.017741988918857421e-01,-5.771012696980928336e-01,-4.211294150465039188e-01,-2.387362570002000972e-01,-3.048643543556842084e-01,-5.662334117892967728e-02,1.458515140878859650e-15,-3.853323722519646124e-17,5.647149865513565255e-17,-9.222775977687247364e-18,3.496219250203505477e-18
-1.903948988848878088e+00,-5.856110642110010645e-01,-1.763031505542196564e+00,-4.452356231013498089e+00,-4.309835613554260925e-01,5.600745444163305331e-01,-4.761421213069904068e-01,-2.628510929664167398e-02,-5.673283270076182605e-01,1.935505458639710241e+00,5.028734284144903421e-01,6.975332188769947095e-01,-5.639289699226769370e-01,1.230159144848000097e-01,7.320721163827687179e-03,7.071135369092650812e-16,2.001001564924847330e-16,8.859834274796949186e-17,-3.176028569471843124e-17,-6.107654518371101504e-18
-4.259490557007824529e-01,1.013341757071479110e+00,-1.658287366085521519e+00,-2.978767216836034404e+00,5.526698696414926726e-01,1.678884760617496585e+00,2.046709482266015623e-01,3.310657540121665354e-01,-1.700290768651683049e+00,-6.812007789733113272e-01,2.471763138957696893e-01,-3.926888253289187447e-01,-1.060558563114490926e-01,-3.920543495976109294e-01,5.371464058071260400e-02,7.119563704938595648e-16,-8.572567163087189849e-17,2.234916513627156273e-17,-3.333025206853095153e-17,-5.235288671753188688e-18
1.275052703146500210e+00,-1.464144752887425183e+00,-3.043422846701291928e-01,6.051103268136376334e-03,-7.339726911994136349e-02,7.855862958594589385e-01,2.188952578286292860e-01,-4.501351928662178370e-01,-1.150452578774717738e+00,9.884494459791651200e-02,-3.344531253194895637e-01,-5.468112413296217778e-01,1.295178148101168158e-01,1.623423093534989425e-01,-1.806506824171768763e-02,-5.289782030232558730e-16,-6.917600594093716219e-18,-4.079103948518008272e-17,1.876290370366838080e-17,-3.458420375997903938e-18
-1.364085073839777840e+00,-1.340628630787941811e+00,8.009398424390382631e-01,-4.988977889944903182e-02,-2.809046202921239854e-01,4.676904517822082913e-02,6.222564785860961178e-01,-3.774539610287221958e-01,5.033307142445139215e-01,-7.564383550877294971e-01,2.423864827026837032e-01,-1.578096764430960142e-01,-5.478752485097804215e-01,-4.961732815253672851e-02,4.732359642962419288e-02,1.890039520814002621e-15,8.474011705835983466e-17,4.216072247660228382e-17,-2.427070490480676913e-18,-3.666886048345725292e-19
-5.383910254503732062e+00,-3.519964057597629870e-01,-1.649986835491713766e+00,-1.081498155613797030e+00,1.333921270247108826e+00,-7.096829751145828924e-01,-2.325170738136335680e-01,-7.556902834485745846e-01,4.107718960127996755e-01,-5.317590562738127025e-01,-7.451537857263814679e-01,3.133568704844827413e-01,1.308002275759088562e+00,6.758304799682721686e-01,1.534025371815097016e-01,1.591288300582751843e-15,-7.484548800011052164e-17,-3.066908957727870719e-17,2.852400853035026376e-18,6.119731324914136989e-18
-1.782857758576829266e+00,-6.195666878754412243e-01,2.885456470775586091e+00,-4.005014543947355010e-01,7.903881234044186910e-02,-6.891121870380947367e-01,8.501069016643571230e-02,-1.988470340823288440e-01,-5.856227590949243389e-01,5.918843169512869595e-01,6.539992654841791930e-01,-2.542996062733498749e-02,-4.372294953956104568e-01,3.048382871969861352e-01,-3.591114746559333909e-02,7.239985862206741834e-16,-2.339243331486222207e-17,-4.115267212805048712e-17,3.369237209296392285e-17,1.252694336604968910e-18
3.692190335482291585e-01,1.661355626859058798e+00,6.053812681755385006e-01,1.000250361646034980e+00,4.140392037652154689e-01,-1.063844208499444832e+00,-4.941803338815811131e-01,2.519328283512521915e-01,-6.895324449206798878e-01,8.201182448729821273e-01,-1.217320588850648200e+00,-5.904498705283072191e-01,2.638223175743760751e-01,-1.741392648260162712e-01,1.957859708313014827e-02,1.968772392485872097e-15,-7.031830523452421671e-17,2.648836902588178644e-17,3.090803783600886470e-18,-1.391971676209378260e-18
3.419769327642752543e+00,3.424796643107550498e-01,-5.999268380288229618e-01,-2.144634346825193827e+00,4.387868895771866451e-01,6.709109411653156885e-01,3.605754284118013464e-01,7.503226788918186951e-01,-2.577954983939984013e-01,2.418376409190942100e-01,1.633719356891219610e+00,-2.031425419355196160e-01,2.710220806261774418e-01,1.226120838733392171e-01,2.037763152821845877e-02,-2.304392061280078264e-15,1.280983823133113484e-17,-5.757769982502511519e-17,-2.096873225383151285e-17,-1.154539756927549584e-17
-3.139913680652045791e+00,-1.710631407604900733e+00,-7.620746492190428878e-01,3.261145282498271736e-01,8.958250647603851480e-01,2.927767575976577413e-02,4.539295817055156723e-01,-5.731247673112169760e-01,1.987702483458024250e-01,-5.727735360405946663e-01,3.000080892159756041e-01,-9.288696407079642947e-01,2.368954868313182527e-01,2.417733571362796763e-01,-7.824273971362433189e-02,-5.391192602790564955e-16,-3.984905353700451793e-17,2.670884376616501468e-18,3.326468637672577516e-17,1.808081786744644542e-18
1.783384417191844706e+00,9.430018197110359157e-01,-1.509498027392607855e-01,6.893361382483970123e-02,1.218322912981714579e+00,-5.534242306161065716e-01,1.747547740104657410e-01,1.611584002471526667e-01,2.250915097684927646e-01,-1.204107257101870720e+00,-3.449025567215020516e-01,6.289835453551184674e-02,8.014359734060616525e-02,2.670093000008035358e-02,9.624361213072810811e-03,2.509471970714365488e-16,-8.677118300845494647e-17,-3.389149023064056070e-17,-5.854687980765571842e-18,2.312260406063897907e-18
-4.275818234023741837e+00,-1.441972866869811742e-01,-2.771499532231308294e+00,-4.001442220317444232e+00,1.099568495220305753e+00,-9.912889166159453980e-02,-9.723512453962414037e-01,-4.024263884532189861e-01,-9.086449908567797440e-01,1.504898987210564032e+00,-3.595106660650402852e-01,2.215406059198205269e-01,5.534904202601359513e-01,-2.354130756735910435e-01,-2.452800902750006118e-02,-5.069278104587519378e-16,-7.620728349039308016e-17,5.619005397947665162e-17,-1.783206589354313811e-17,-2.183825934489086863e-18
-1.789321634002288608e+00,7.652292780055832688e-01,-3.204749727089473144e+00,1.702103514379107896e+00,-1.534298993835117919e+00,-1.714323567764973744e+00,-2.322013860585357747e+00,-1.087010339475366294e+00,-2.901847368788129655e-01,-1.180384379550077023e+00,7.738486239428007396e-01,-4.207059468008582659e-01,-3.593835350685399277e-01,3.135010766913626234e-02,4.670489776344416422e-02,-3.237774066441274374e-17,-1.724239506725175819e-16,8.402651405190867281e-17,-1.048809868730303229e-17,3.776710423864475994e-18
-1.245392162760181165e+00,8.219298640290403357e-01,8.520663423614345255e-01,9.913035975286181856e-01,-4.418599728909522462e-01,4.440816599191528269e-01,4.122133802079232523e-01,2.188463796557315877e-01,-9.583058579588634718e-01,-8.217092848139101111e-03,-5.015637822824126069e-01,-9.174322717089979928e-01,3.950792505912657099e-02,-1.038068961422657921e-01,-5.262281371501618260e-02,-2.962638264453249454e-15,3.297055312192510956e-18,-7.665096945301046341e-17,2.463144927544232418e-17,-7.552819078582301406e-19
1.937440687906208048e+00,-1.008376966441778100e+00,-2.517796382542663025e-01,1.030218125057273948e-01,1.285338920042995436e+00,-9.867453550006849428e-01,-3.477582384859667641e-02,-2.601422220263631402e-02,4.821082899403510980e-01,5.939382721034861534e-01,7.106301118737337053e-01,-3.933534710430168779e-01,-1.404804396668627720e-01,6.399613279162567059e-01,3.684753990456247907e-02,1.775926273284418364e-15,2.867921005276010089e-17,-1.487404180830543250e-17,9.455431004703349005e-18,-5.124004311623658889e-18
-5.703338234591679878e+00,-9.929251185217800868e-02,-6.340826532336596433e-02,5.043629701954320810e-01,4.404411523186872457e-01,-3.412773650888960564e-01,6.665572287450518552e-01,-1.180329085052307103e-01,8.857752022861118402e-01,-3.473903728482248265e-01,4.229123589000148842e-01,-1.527677733682253347e-01,1.549434016238362188e+00,-3.415186291503644611e-01,-1.366812947610172579e-01,-1.759889126639911164e-16,1.009365243680286429e-16,2.551799604286845856e-18,1.571629872888122323e-17,2.900068211689903227e-18
5.284448888706481939e-02,-1.637422453013419377e+00,-1.644576722467967211e-01,3.318879892789408093e-01,1.450162021736549178e+00,-4.191980424883251510e-01,4.531664998720138504e-01,-1.287300333452325585e-01,3.138439511105461377e-01,6.178947835625731716e-02,1.331707397105609036e+00,-5.817749235673909114e-01,-6.031858638315426013e-01,7.820434985562368935e-02,3.194935322805857875e-02,-1.864022164653166130e-15,-8.945192471565876237e-17,-2.901718700244606521e-17,7.756245961260998719e-18,-6.583966890980860132e-18
-3.716581674528861345e+00,-1.259389747126993697e+00,4.624031996617166129e-01,-2.921838775591753534e-01,-1.206745792059393807e+00,-1.391024539851208330e-01,5.006552643770493249e-01,-6.369820122004768992e-01,1.048630086436934672e+00,-2.639039202515901517e-01,-5.426532253846001463e-01,9.255996717145146269e-01,-4.709263210631626367e-02,-9.656201789545973413e-02,-3.723786155221886496e-02,2.066761091090431368e-16,1.670890527727932212e-16,4.239934319977470514e-17,2.552524658227657000e-18,8.282042651259560701e-18
1.559917688293734450e+00,-1.327017871129024362e+00,-8.589564459680899544e-01,1.469017810862389972e-01,-1.565300135729265962e+00,1.648598968199326498e+00,1.166005078801692907e+00,3.637677981241711489e-01,2.852736337097818708e-01,3.499531003456653466e-01,9.943279663368934651e-01,-7.231033515994911287e-01,1.604608178910700012e-01,-3.886043315327156744e-01,-7.719264515711988725e-03,1.370313687965925214e-16,2.109765083252111635e-16,7.495594151063888411e-18,-1.633542726807805991e-17,-8.868220901778097535e-18
2.089762307274906306e+00,4.808422774022579754e-02,1.049391379454058359e+00,-4.488301364940940341e-01,7.932370075048338354e-01,-5.214243984373273522e-01,3.736967511475990378e-01,1.177232169404166667e-01,4.188274930765262249e-01,-9.703669217732664443e-01,6.174462577046662126e-01,3.685339242303071194e-01,1.160221256595251639e-02,-6.598894741342979653e-02,2.220840192626971979e-02,-1.852844489259102162e-15,-6.108688404277457409e-17,-6.109713855208280510e-17,-8.065557183102244956e-18,-2.528810914766711910e-18
-1.708938845104316595e+00,-8.414752139008137288e-02,7.495769784411975278e-01,-1.453501568035752423e-01,-2.066144746541039023e-01,-4.763699664089022234e-01,6.390124775573103877e-01,1.799395674358622854e-01,1.182082882884379460e+00,-1.439630838650478584e-01,6.669072287147184142e-01,4.949340129691514600e-01,-6.968362145183459866e-01,2.403483751065134399e-01,-3.350290275829918840e-02,2.848406749842154224e-16,-9.369306893827342838e-18,3.667766058071768549e-18,1.058107635340662027e-17,9.568151663251267853e-18
-5.668670633346928334e-01,2.775315387358191499e-01,-1.925037565133785877e+00,1.042139393400574265e+00,2.381152821208306347e-01,-5.263000338625940522e-01,-9.828892617053962277e-02,-7.258304207504322203e-02,5.916628771335263881e-01,-1.937632552743056846e-01,-8.362862323778541551e-01,-7.610870016154814843e-01,-3.109598779564703430e-01,-1.014027007332732183e-01,3.879424796009898341e-02,2.649594343962982125e-15,-5.199038250686321352e-17,3.898594713935949429e-17,-5.280614610792792505e-18,4.877947738793683352e-18
-1.356978694323644374e+00,5.622640363336044445e-01,1.837732707550737032e+00,-1.999537719626656440e-01,1.597382541469428263e+00,-1.088943063778890830e+00,-2.513487300404193547e-01,-7.672643521926865440e-02,-9.418626171651339751e-01,-6.855139751712652219e-02,8.509565725683422566e-02,-3.865843270785242480e-01,-2.948911777171099313e-01,-4.106634192914569992e-01,-3.665857445166935402e-02,-1.027901625904300150e-15,-2.059040108905599122e-16,-2.036365338253665071e-17,1.389103855736916820e-17,-2.245867671954323749e-18
-3.393633765964910953e+00,1.803323510509321048e+00,2.532755960923354532e+00,8.549124986325981057e-01,1.465933616108371806e+00,4.437273560680695006e+00,-2.898888551647290424e+00,-1.889010586176804063e+00,8.955235018263622004e-01,1.462703659175460247e-01,2.422205805601520823e-01,-7.301214865143096366e-01,7.196732844687500630e-02,-1.606815940041348978e-01,-3.066692372669369698e-02,1.322987797430788923e-15,-4.133605450351884484e-17,3.931704285241709483e-17,2.205995638748880753e-17,-1.934296257785335378e-18
2.585280024305415481e+00,1.274190475435770686e+00,9.853543040895286209e-01,7.243844930092104006e-02,1.636455623246244606e+00,2.119749691212199139e+00,-2.875710562889426836e+00,-1.615363648953742182e+00,2.357267430078666237e+00,7.693138542491761121e-03,-5.067087433614184677e-01,6.534643199113987500e-01,4.822939874859098752e-02,4.312042832152754995e-02,-2.342089475809902913e-02,1.204973826298406710e-15,-5.532285879693367536e-17,7.547698441290045813e-18,-2.489880984054281293e-18,3.672252975863583347e-18
1.383954773298721186e+00,-1.333660876494937031e-01,-1.370587954554781662e+00,1.453249660111646024e+00,2.419021591205601507e-01,7.627861498994873424e-01,8.378841255419137157e-01,2.425139035904084750e-01,-7.644087400618987393e-02,-3.357091197179561393e-01,4.401509655445537753e-03,-3.335472948768213874e-01,3.658785793470609171e-02,-2.660982546946713545e-01,1.253238049814185337e-02,-2.985531863152664149e-16,9.450969673803783948e-18,-7.305356231108523736e-18,-9.856669496168853454e-18,-2.215668065524846673e-18
2.464519269334832341e+00,-5.634499650425985884e-01,1.791457660736023083e+00,-9.441416013268882912e-01,5.923643585361517694e-01,-9.881091833823217874e-01,-2.022279726527532739e-01,-4.373798347364827310e-01,-4.934237543711399165e-02,-5.673569019636818256e-01,-1.997084738887434097e-01,8.384978354752370411e-01,6.426669754385631872e-02,6.007064908242788492e-01,-2.020252702436241277e-03,-2.047004302093245515e-15,-6.043902023085129971e-17,-9.829785078001635198e-17,1.930082075145416037e-17,2.198068067330187397e-18
-4.199994016925677198e-01,2.921178081146317829e-01,-1.668420694196680820e+00,-4.452582222857225380e-01,-7.667221195479065887e-01,1.178936553150807143e+00,6.079577218567754349e-01,2.627345727144264065e-01,7.664442225514957879e-03,-4.818917255349403073e-01,-1.667235111180008222e-01,-6.435155593023533793e-01,-1.689911243466143131e-01,3.469413224388137595e-01,-5.877588975662773746e-02,1.682164048597385899e-16,5.004156395688474194e-17,7.941049809924198899e-18,1.007296571959362259e-17,5.803614104230380048e-18
2.679456389769117930e+00,-2.222971396017097589e+00,1.986928950406928074e+00,2.617040300268524411e-01,1.067901862466071217e+00,-8.884458487931330417e-01,-1.469078882510555517e-01,-7.442344588344209644e-01,-7.367529043124774191e-01,2.374361046722159585e-01,2.885416720249979750e-01,1.484696548030176554e-02,1.648215469994558091e-01,7.416961841357387619e-02,-2.560281750534097733e-03,7.232136911498710663e-16,1.214050187346223958e-17,-6.200847523182969024e-17,1.801154822876920771e-17,-9.184888421625249823e-18
-4.267411484957667867e+00,8.782633420725752815e-01,-8.120303614095377709e-01,1.872647898343409931e-02,1.361032853113861130e+00,-1.047381945926880720e+00,6.633970522779263357e-01,3.462445390797407319e-01,1.941630751496852270e+00,-7.605761680864315810e-01,8.876022207076063042e-01,5.640190715519040054e-01,1.358764079483850973e-01,-2.619484742387160336e-01,-5.314501034240914218e-02,-6.186514307326681179e-16,-1.785297868023318865e-16,7.811956099536210232e-17,-6.991631880435520758e-18,1.069148215569357571e-17
2.094647158404447040e+00,1.754734375304165095e+00,-2.343617666829645452e-01,2.084656600221502121e+00,3.087440357535836899e+00,3.162171504039970049e+00,-2.802091957472109485e+00,-1.467861912589750073e+00,2.251744826332879867e+00,1.818927179882293688e-01,2.291420440043448192e-01,-3.846259607181790052e-02,-1.101507563027998154e-01,-8.970903011995312593e-02,6.021450308535638424e-02,-1.864057898603513603e-15,-5.875707046959876718e-17,-1.021491594150769966e-17,-1.375346976271328445e-17,-7.209016439128104034e-18
7.332848163082523740e-01,9.409462186277836038e-01,1.410208557752351322e+00,2.226931567882534935e-01,-2.852776477643768516e+00,7.826145892895589595e-01,4.165533943814144768e-01,2.185230266389823484e-01,-3.435299409322969399e-01,1.141310656046128358e-01,-5.052571450334202297e-01,8.232313464083202970e-01,2.768216575441180272e-01,3.156625454016684634e-04,3.289442403021826389e-02,-6.152039339498483449e-16,1.257153385046017913e-16,-6.791908761685871918e-18,-7.222389382874860776e-18,3.655690273531023877e-18
-3.223894527041168523e+00,-1.881009551092462484e+00,8.332735663700661100e-01,7.932757812830438793e-01,-1.036280108365202013e+00,-2.911474682299899364e-01,2.274592417048509618e-01,-6.875366826111967145e-01,3.434166293399413816e-01,5.567576672694877216e-01,-4.275802658206676599e-01,-6.861817686124673799e-01,1.741206424321510016e-01,2.530489823727997273e-02,4.495258291347453694e-02,1.892659864705096477e-15,5.996335290963612123e-17,7.854653636573587569e-17,1.771582130685146302e-17,-9.158306045999838497e-19
-2.613754389024503855e+00,-6.746615289067124266e+00,6.641773482011881224e-01,1.176947452932636695e+00,3.420563421960227668e-01,9.639042822826935364e-01,-4.654235745834880866e+00,7.916260425680786028e+00,-6.871288236179752540e-02,-1.008834503687334960e+00,-5.177230219886471696e-01,2.949482856073391557e-01,4.331397127634981081e-02,1.942180374474222759e-02,-8.581295027857396742e-05,3.196937463447082886e-17,-2.714278377667959934e-17,1.293756973565117495e-17,5.509092720144247385e-18,-2.141198050695572561e-18
-9.621676737364632803e-01,-1.373876805230812570e-01,9.745027292392283158e-01,5.703436833336472667e-01,1.188804612542917055e-01,-4.166887465032788063e-01,6.370856795334158829e-01,3.686775575165145424e-01,7.051128235276876710e-01,2.049711243983205478e-01,1.042014430707296491e+00,-5.578316988584868241e-01,-4.728207119539794556e-01,1.622323081840921777e-01,1.434335115498548002e-02,2.369570231914454112e-16,2.773021932707508854e-17,-6.702896763927935959e-18,9.648923524317769489e-18,-1.469171246744692506e-18
7.404596526222764208e-01,-1.699449852336071487e+00,-7.731457969745958447e-02,2.398325594988384157e+00,-1.738645715022581750e-01,1.227988149041982363e-01,5.993634207970550687e-01,-2.102114360608162980e-01,-2.247678053169553380e-01,1.126512993856109590e+00,9.981826247172406741e-02,-3.146411935609284005e-01,-1.579986897131573642e-01,-1.098320875884096527e-02,-4.786184509876259888e-03,5.861430313810042978e-16,3.559850493678847051e-17,4.198939222162902939e-17,1.507306845380721846e-17,-3.869302344322483690e-18
-1.243736766761272872e+00,-2.494813864411526971e-01,2.333211080001509896e-01,9.612709037631055331e-01,7.632151747934455832e-01,-1.282056131843308133e+00,-2.539398193760628586e-01,-2.124544665767787999e-01,2.403317556447067405e-01,6.190451628050310795e-01,-6.034493956629094491e-01,-8.052285289619053321e-01,-3.631985433454878454e-01,2.635907532049662771e-01,4.749215423526903512e-02,2.235622068703404403e-15,-1.130308430096900377e-16,7.729269034551831892e-17,1.717408537154705045e-17,1.067117498150567238e-18
1.741012351621648913e+00,-7.822468672254048183e-01,4.241698178711307277e-01,-1.260555702650646870e+00,-2.440402995971622802e-01,-2.352523021669916947e-01,-2.745634424380907213e-01,-4.340170100276063425e-01,-3.628367706774877632e-01,1.343464795668989631e-01,-7.280824446594444943e-01,2.794283432408246615e-01,1.830237614254082157e-01,-2.614697705979879827e-01,2.306054174951004294e-03,-8.125258693872133079e-16,5.143637566950200080e-17,-2.422378932326747336e-17,-9.457090935721744606e-18,-4.518230169598659275e-18
-3.820082953968817474e+00,3.536393839171291908e+00,1.894395122550232902e+00,6.015333132890189338e-01,-6.641494563970599119e-01,-3.743711480320509044e-01,1.508378894072969767e-01,1.074663389979244599e+00,-9.343423194396236475e-01,1.644724500583769400e+00,-3.431295441554281789e-01,1.945472737744882996e-01,9.899397989957467447e-02,-1.525105992188598714e-01,-2.173018511749607445e-02,3.264745537913686808e-16,3.116080843215888769e-17,4.156680609500110128e-17,3.227433259323299177e-18,2.762616542625263038e-18
-1.195850848078740675e-01,1.515529656670087766e+00,3.352499195569811352e+00,3.204346152447797857e-01,5.565283232138253794e-02,2.662616527219699769e+00,-2.323855396409682417e+00,-1.132703849049264466e+00,1.160732794760596320e+00,1.413477576349462028e+00,3.378128727261451858e-01,3.667098210186099383e-01,-1.279324960076251294e-01,2.561566609188894450e-01,-9.669862843289571408e-03,-5.536959767246699711e-16,5.852494063437091346e-17,8.010494529789404080e-18,1.655805511018639656e-17,-2.243211391236509415e-18
1.157027906075931201e+00,1.424252466811191997e+00,1.804297508687009000e+00,2.495955782354699615e-01,9.964714842911338577e-01,-9.853457547084075729e-01,1.662842438367612141e-01,7.543273237160603717e-01,-1.026689489216665446e-01,5.055403474530358876e-01,1.004035240883762059e+00,-2.285106945548392166e-01,1.825375999907778435e-01,-1.194734545364310313e-01,-4.615993330827154045e-02,1.379132920078068096e-15,-4.694278558342624972e-17,-3.618946563389181973e-18,2.933573571407755555e-18,-4.335801154403589332e-18
-9.845092334580831661e-01,1.401078267858926196e+00,-2.774229897449400628e+00,-1.863452392284048242e+00,6.355604675095348766e-01,9.169920030656637522e-01,1.339021141119587366e-01,5.714825891927258761e-01,-5.077560462187542534e-01,-7.885690638387908569e-02,1.671708185122545987e-02,-6.812274669527149662e-01,-2.417641898006757384e-01,-3.358716919748212099e-02,3.226884063228721566e-02,6.718522711765528555e-16,-6.167372724787137098e-17,2.631844867055295907e-17,-2.236835970720830909e-17,-3.325995538633001262e-20
-3.146202506553083644e+00,6.607751916027527761e-01,-1.380409201862367041e+00,-2.424884710351661976e+00,2.059998225897704538e-01,1.179972676836607226e+00,1.955166116707032498e-01,-2.377270786980983375e-01,-1.073449729013472798e+00,-1.102007328124280816e+00,-6.660002242553048069e-01,4.527332598148115506e-01,-8.189830122098439025e-02,1.702872762579486499e-01,-3.327074027880294604e-02,-7.757873172273483422e-17,4.694783163060522734e-17,-1.358752601223037076e-17,-4.200350746742956809e-18,6.879305780033271974e-18
-1.717302815825711537e+00,-1.656062298829191315e+00,1.188277282076858121e+00,3.105229574688042060e-01,2.866146045858278518e-03,-5.671274504764662883e-01,-2.312831695480403738e-01,-9.304368262193712935e-01,-6.204388931566162668e-01,6.781614692795187582e-02,-1.042575241988441093e+00,-6.492339205433955707e-01,-2.213915388136008799e-01,-2.115979964537263169e-01,2.688736048415686988e-02,5.831906431382433957e-16,1.610409404296159632e-17,2.220960282028196370e-17,1.562105401119732448e-17,-3.933080367663374449e-18
-2.497751758966126001e+00,-1.180173009822880342e-01,9.099337101169925335e-01,-1.923381655159287773e-01,2.826960370473589612e-01,-1.027599865217210029e+00,-3.081027113064816695e-03,-2.561021954708130322e-01,4.591957896160607233e-01,1.724632478442975347e-01,-3.425172251274377633e-01,3.928313490064344604e-01,-4.639705895549507408e-01,-2.342454353889614205e-01,1.423519400686600045e-02,2.567962995355360414e-15,-9.261398973281553454e-17,8.506512867674241652e-17,-9.264466755009454665e-19,6.381065091990225742e-18
2.173094190988096308e+00,-7.969236825059863305e-01,-4.192916010174745356e-01,-4.253389062747350846e-01,-1.828955409136526100e+00,-3.895763475367444717e-01,-1.773647133084511052e-01,-1.302716919515155003e-01,9.953530437689379617e-01,1.063448687843782103e+00,-4.234433748424798472e-01,4.530514693586551456e-01,1.861040645425368345e-01,1.567283015606245888e-01,-1.700004282697753152e-02,-6.340801423190289135e-16,2.005295985735950474e-16,-1.632124834268799688e-17,-5.901497717963125746e-18,7.301538769457917055e-20
2.865520932104383967e+00,-4.177061485180348366e-01,1.795123915903180212e+00,-7.503208868792741182e-01,6.470029271320723030e-01,-1.356064029192591613e+00,-1.073269546727877166e-01,-9.562588979364691766e-02,6.030598783406455610e-01,-5.615521116902209842e-02,4.173733292683631801e-01,8.411166164577010829e-01,3.908207413481742942e-02,-1.542862034363390138e-02,-5.985280736369082838e-04,1.583979026393107584e-15,-9.147815842084292659e-17,-3.844041576646872905e-18,-3.771749541898655467e-18,7.483164939236166193e-19
7.439449902722777841e-01,-1.108659049841523636e+00,2.509030607150803949e+00,-8.892485200006386981e-01,-4.097939124490249663e-01,6.626345651677953419e-02,2.182920646667319275e-01,-5.544031092555076201e-01,-7.855205599982264530e-01,-6.510534750173947449e-01,-1.000450150764424923e-01,4.656686843603009551e-01,-5.554458820805232427e-02,-9.802467839815422190e-02,-9.092080285757463479e-03,3.915138598057829094e-16,3.282105237024721948e-17,-3.005083610642518903e-17,8.344639695569007110e-18,-1.623682944325189333e-18
-2.415760798611506777e-01,-4.787347004866843170e-01,-9.339684386879210098e-01,-3.162691785831169833e-01,-1.527627414290840591e+00,1.310457246082123994e+00,7.974853842393145875e-01,9.246016660585888725e-02,2.345253230870886774e-01,-4.473389094775097052e-01,-7.790807719489721561e-02,-4.390565545776657919e-01,-1.499143740501902022e-01,-1.949441633097032389e-01,-6.316799796317236482e-02,-2.958132915639220378e-15,8.292798311900088965e-17,-1.833661428167510373e-17,1.837861344729557636e-18,1.781404485783973190e-18
2.410665850618540496e-01,-1.114761715494285488e+00,6.996904043397995654e-01,4.520282454845152009e-01,-9.229654603462879026e-01,-1.293834007912226247e-01,6.648054592442915744e-01,-1.151230763271192739e-02,1.086653717625760462e+00,5.695207617267549621e-02,3.546188998474362197e-01,-1.857030926985468733e-01,-3.453299040351799909e-01,-1.353060428525799108e-01,2.483769684879359035e-02,-6.511404263807995606e-17,6.865665065558641954e-17,1.826114413381303854e-17,-2.058347132686092480e-18,-8.056615703063688222e-19
1.213807834629933913e+00,2.076139148803573864e+00,-2.374755021039236524e+00,-1.303085548516889514e+00,-8.519573275005809521e-01,9.326693068871729775e-01,-1.682171561039694785e-01,4.245741161343131176e-01,-6.301771342937708686e-01,-4.965939518200214176e-01,-7.452573713161538826e-01,2.330922480567034771e-01,3.455809045588267847e-01,-2.638188917534435296e-01,-3.296419953575209505e-02,-6.854378767952720329e-18,2.426176657183449986e-17,3.558873234610579399e-18,-2.844364329663857785e-17,3.748436131618091084e-18
-2.116511054986229379e+00,-8.733684995097822368e-01,7.771548866664854671e-01,1.556858870145449714e-01,-2.593349425440328648e+00,1.102590405615324176e+00,8.236410366388068338e-01,-3.611419791162214232e-01,1.965796692273141799e-01,-5.419648522699633819e-01,-5.017151232202119449e-01,3.786769655565557779e-01,-3.228620849418236682e-01,-1.488882655630075214e-01,4.635462176875946444e-02,4.297932891136774280e-16,1.865748955110470687e-16,5.152829871633652619e-17,-6.836528597289222947e-18,3.947372545323770489e-18
1.905303664996945479e+00,4.388820028854639732e-01,1.153021602051883948e-02,-3.673076911540542611e-01,-1.917762819026042509e+00,1.502485187168000280e+00,1.150911799529038992e+00,3.642510015302339310e-01,4.336293515741245774e-01,-1.240400896613126358e+00,-1.427995652473839361e-01,6.450576838556807413e-01,2.552923892747772094e-01,-4.747289847894466813e-02,1.651686592227824893e-02,1.024420863803443780e-15,1.464032760534667433e-16,-1.091856230713039312e-17,-1.978907684656594628e-17,5.300790354597472606e-18
-1.981741243432587340e-01,-2.842506206502496635e+00,-6.851617759323770374e-01,1.218531333561813312e+00,-8.838973491565917939e-01,2.963066169249757853e-01,1.667539296742737587e-03,-8.985213167572952964e-01,-5.640901872454621158e-01,9.336565683304351992e-01,-2.441112676230660083e-01,-6.950526193609688486e-01,-2.466798097803301615e-01,-2.520354909492576456e-01,-2.049252480275472882e-02,-7.960982316293306508e-16,7.421620933065617427e-17,3.863995800303375237e-17,1.370933323929414627e-17,-6.798778497341712164e-18
3.761186138685655322e+00,9.580376390843106105e-01,-1.101195266501117098e+00,1.190211277298752091e+00,1.847192939349265040e-01,1.018425700057661976e+00,5.930012041753652818e-01,3.212493430490783175e-01,-9.571946591864531895e-01,-8.374824654892983888e-01,-7.119040193825983964e-01,8.869486803058504454e-02,5.215043944746674542e-01,-3.441279664835804608e-01,-1.062110686930143634e-02,1.058349029344032878e-15,1.480765419649770938e-16,-3.875724824470264386e-17,-2.270475179510049952e-17,-4.895102795774100900e-18
-2.893271177751412182e+00,4.303879349941789889e-01,3.833554904634997484e+00,-6.102199402777362947e-01,-9.413298378179226766e-01,1.022464590755748359e-01,5.340059850671992348e-02,-1.525711994563845042e-01,-1.978614856626105256e+00,8.601750519507876946e-01,-2.172906797763885789e-01,3.287463122921138736e-01,-9.493383655673176547e-02,2.332553517011866362e-02,-3.932374391891705484e-02,9.735624248611775835e-16,4.377522299065117307e-17,5.952030204547080193e-18,2.713109294719231438e-17,-1.426982987720232843e-19
-2.354099360684789033e-01,1.024235045797587729e+00,-1.199536814194341439e+00,2.384436000921070498e-01,-1.821882392627826475e+00,-2.876552567145262973e-01,-8.346472200853046752e-01,-6.281181754611060430e-01,-2.323768359944060613e-01,-1.473264152757290724e+00,-7.653001164152326563e-01,9.147545304972193314e-01,-2.704875600079725828e-01,-1.617046758671243645e-01,-1.226995370046441401e-02,1.978379132629746489e-15,-1.136245069528699267e-17,5.236398687921836481e-17,-1.632889048744263963e-17,1.214253386314888035e-17
1.536149561379206441e+00,-4.203844500366811787e-01,-1.725493395122623008e+00,-1.883982948160024984e+00,-1.281585854991843298e+00,8.441483358603391052e-01,5.502595279386028604e-02,3.793873705973214716e-01,5.517608422007655444e-02,1.509134465509771816e+00,3.625319409619064959e-01,-4.488996162072229068e-01,2.401902788889548057e-01,4.359869309931452969e-02,-3.070566405679483676e-02,-1.759589321992971472e-15,2.409971828766768774e-16,-2.697761774848085018e-17,-1.538466907713999235e-17,-9.083098221135075963e-18
-1.222884995087405891e+00,-1.208677179344962216e+00,-1.023506937216211998e+00,-1.995979087804134133e+00,-7.317569650569951678e-01,1.002544584754200274e+00,2.162746048778101671e-01,-1.570520126939601302e-01,-4.167651281606093994e-01,5.607636538312931185e-01,3.375867008405087910e-01,-5.519483173477143234e-01,-3.500500401227821801e-01,1.666851937664898531e-01,3.740619276460270537e-02,-9.606200820456524829e-17,4.827219049598913261e-17,2.019092891186260702e-17,-2.681647135294244192e-18,-3.457742253406530461e-18
5.345822195754870165e-01,1.481678990045528943e+00,1.820395820248446928e+00,9.615601582470848507e-01,-5.189635070754927693e-01,-5.470873063443105755e-01,5.139842674088698216e-01,1.101880988068701939e+00,3.319391915798115544e-01,1.505673505555481295e+00,1.056922553079487681e+00,-4.920702795717881162e-01,1.615777846030499731e-01,-1.557259249457605133e-01,4.431787063778799135e-02,2.700327936832453100e-15,6.699874699585413940e-17,5.586890897399279706e-17,-9.980421304955659556e-18,-7.193086670391731003e-18
1.596547873559205799e+00,1.116300626386656086e-01,-1.097014158190000366e+00,-2.809861776117285048e-01,3.965170328921382992e-02,-5.933248154470378566e-01,-2.406380500517175114e-01,5.802423724257797094e-02,4.997695328141217863e-01,5.270702669180286071e-01,-6.684927415667223372e-01,-2.428788336817251370e-01,1.575078363807400073e-01,-1.088225542136143364e-01,-4.954185994288618639e-02,-2.210088521228208167e-15,9.018269070667248459e-17,-3.848922973919547967e-17,-4.809563951922342172e-18,-2.894181167276910720e-18
3.928483693500067098e+00,3.572961563100321980e-01,7.960937897521138673e-01,2.339426365108978612e-01,2.557130361067966873e-01,-4.345704057763639661e-01,-2.570136180403102544e-01,-1.883071420914319560e-01,-7.622500898526218815e-01,-4.238932461573287624e-01,-1.290025918580195219e+00,5.817404292893398055e-02,2.560787361441821952e-01,1.007057072218792704e-01,3.962640408599950662e-03,6.140539470013703580e-16,-3.749067893681891581e-17,-5.081222110433631071e-17,5.705927283351159357e-18,-3.987296704464678753e-19
2.567204373361652969e+00,-9.567429702171463823e-01,-1.987231879963164416e-01,-1.240910136718207379e+00,-5.996793739044292693e-02,4.461295959277158385e-01,2.135416122242600745e-01,1.265547802245678699e-01,-2.944167022866565064e-01,5.369734136641295397e-01,8.479319666255452637e-01,-4.350001394770352525e-01,3.040221133032153800e-01,3.820003224492449223e-01,-2.481787755998393630e-02,4.391473160528705492e-16,1.412551550285700141e-16,-5.493779215589779033e-17,4.227592479476968830e-18,-8.151098658935268303e-18
3.956893938563939450e+00,1.368986769130257741e+00,-1.279485653735216388e+00,7.474567300355812183e-01,2.011290637299231410e+00,-9.800516865424381274e-01,3.768545971069518080e-02,6.709740526160011820e-01,4.175045768851061156e-01,5.556935986836738020e-03,1.167763962637493463e-01,-4.127703730143347620e-03,1.595577701844455021e-01,-3.440589297567736571e-01,8.352556852756302117e-04,1.695035845610731367e-15,8.968957419476766629e-17,-6.817214698324585129e-18,-3.423358355131969184e-17,-8.515984941432151060e-18
1.246013672096639158e-01,-5.642138911948834101e-01,-3.417594712436581861e-01,2.677443288482779793e-01,-1.682781100400801144e-01,-6.092820646065888468e-01,-4.385538608992081699e-02,-3.633377826165640201e-01,5.857258765363346775e-01,-1.644405129247138719e-01,-9.832280060705781422e-01,-1.661510915313495207e-01,-2.926270936334542383e-01,-1.714480072734423932e-01,3.218684520776637220e-02,2.080966139808055030e-15,-1.049150733779513883e-17,6.148807073390265872e-17,-5.902428019486205274e-18,2.877687653269810625e-18
2.005297102711697033e+00,-1.435102583849288571e+00,-1.353601889893837118e+00,1.639530639347502650e+00,1.213667076635455366e+00,-1.774748876224533853e-02,-9.538411166244986639e-02,-5.243115550922077261e-01,-1.401732447683737837e+00,1.219704127723217457e+00,-6.338822890542603616e-01,2.336226610465171327e-01,1.202727343719210279e-01,-1.239572679796436677e-01,-2.792838707465193984e-02,-1.956050511550665666e-15,-1.765596366640277308e-17,-4.517576066881727953e-17,8.852410368349714714e-18,-6.393421422598155612e-18
-1.689178498983190835e+00,6.139775210445476139e-01,-2.106734679299912649e+00,-1.611982056390966589e+00,4.830665961065055969e-01,-1.706062511424437378e-02,-5.287946713307206670e-01,-1.958772238290385215e-01,-5.843845258005714305e-01,2.018020718871038344e-01,-1.164920916889109925e+00,-2.455233176490546343e-01,-2.721766781887430819e-01,3.039273260128561374e-02,1.889679758006287263e-02,1.604106660558620961e-15,-1.688550968331753941e-17,4.501422875594007318e-17,-1.116518030202519077e-17,2.884308935020718319e-18
1.604244341443187283e+00,-3.435960248199717015e-01,-3.069688987677132719e-01,-1.635575393442579850e-01,-7.157063781579925399e-01,-8.669365564464918961e-02,2.423226187598635090e-02,-1.751040173800857969e-01,2.760812283260375422e-01,-1.016435893165107580e-02,-7.947890982705784202e-01,-1.678263848428779639e-02,1.372535196772679544e-01,2.938718258140045614e-01,1.230882923510811383e-02,1.729115082137570557e-15,4.365825325315713833e-17,2.847056234591462888e-18,3.889299769262207894e-18,3.563815765120596821e-18
-4.341776071675883530e-01,-1.606782221909737185e+00,6.804251492280189995e-01,-1.917840565874924519e-01,9.444767592678252610e-01,-4.002511123388181047e-01,5.302266151851243309e-03,-7.473251911476167519e-01,-4.647494781702626865e-01,-7.109789944745197321e-01,-2.612060587868850203e-01,-4.979058516052090599e-01,-4.033087902240406475e-01,-3.315279556799673455e-01,2.187740751362421063e-02,2.414864020319937848e-16,-1.024296354274308576e-16,2.809619344210721695e-17,4.735092098465092406e-18,-4.138447136719025423e-18
2.332201998142594324e+00,-1.553577683006064580e+00,9.629204975850916837e-01,2.042890614896245793e+00,7.948832389206151872e-01,3.926165410787308407e-01,5.827902073544756201e-01,-2.820034127040997873e-01,-1.631968503793551184e+00,9.184922590374701157e-01,3.540043302597923880e-01,4.033369229610707651e-01,2.447447965126324509e-01,-1.155961767839567972e-01,-1.100368919940698928e-03,-1.502632755516208509e-15,-6.228891901097305503e-17,-5.318175186094504494e-17,1.587218794448637655e-17,-7.802848490803518123e-18
1.237039274679141432e+00,-9.244698780398264981e-01,7.416596965902695349e-01,5.691545691864571266e-01,-2.922632243824894727e-01,-8.721105233316768235e-01,-5.588459448264199679e-03,-2.360621116979297884e-01,6.001869391076526394e-01,5.000250025517015695e-01,-4.396676185709149642e-01,-2.457083663754315306e-01,2.417554469025524552e-02,-3.103682599456192293e-01,-2.185385709015245578e-02,-1.082244097095876480e-15,-1.190152265021147773e-17,-1.226680658129633329e-18,5.393295849000673677e-18,-2.207786060521758214e-18
2.066219618924111101e-01,4.966110081581608937e-01,2.721655673293233990e-01,-2.327583440262104009e-01,8.222303321883606131e-01,7.003736283379293770e-01,9.320032286994724968e-01,1.849453169114100293e-01,-1.789522230772243871e-01,-2.206766512218906851e+00,5.343596141379333142e-01,-1.322404143337870541e-01,-2.898534251302201104e-01,-2.147415467929444377e-01,1.088422758179588036e-02,-1.273949165745221589e-15,-1.125632868089576484e-16,-3.195436941753294807e-17,-7.190502795119414269e-18,1.358194901671860234e-18
-2.712145601885196933e-01,-1.553151915389131110e+00,-8.053048784832268769e-03,3.209773105151570438e-01,-1.023408245876898714e+00,-4.470901524085361678e-01,1.807950691278467359e-01,-4.627642804739146021e-01,1.053544235080138725e+00,2.689346814607351255e-01,-5.591886431244865729e-01,-1.528870628950555755e-01,-3.992702254440811394e-01,-5.907468945921792031e-02,-5.345911969146539128e-02,-2.270118555946578419e-15,6.356701271400039765e-17,-1.823417923834485373e-17,1.500782920510552178e-17,3.605023619592356860e-18
-1.977925803240716762e+00,1.613936259917215565e+00,-1.675678852884082970e-01,2.934108445558412104e-01,1.743183033375329982e+00,-9.180187600193221442e-01,2.489743694259573814e-01,4.632450725943326741e-01,4.183130667262627833e-01,-6.848671721748451624e-01,2.867953666324389306e-01,-3.219926075548696365e-01,-4.760082711218626139e-01,2.703787340482517731e-02,1.959444464805252042e-02,-2.294270126296807734e-15,-1.006776139135856193e-16,-2.416013055159413743e-17,-1.664759634462454988e-18,8.250480945471687983e-19
-7.670618256653221056e-01,-6.265830478886097454e-01,8.785912172234937589e-01,-3.082212343874680127e-01,-8.013248049515937499e-01,-8.139892797212459896e-02,3.139184597321759140e-01,-4.020813742525020662e-01,2.967475754793088560e-01,-4.682809665201721483e-01,-6.543816213696542761e-01,5.421443883391439122e-01,-4.648968810205963420e-01,2.708122256937020023e-01,-2.223195544395317400e-02,-3.556104729350847324e-16,7.908183093495532414e-18,-2.065619843175578895e-17,1.697480642332619352e-17,9.530960892958125005e-18
-3.488404050570978465e-02,8.098856994623289118e-01,-1.766098100391017889e+00,1.370046140072750163e+00,-1.110991707045183796e+00,9.050220191135960324e-01,9.753634972220598387e-01,4.481375677282853354e-01,9.897418171031776568e-01,-1.212973630192822672e+00,-1.071455124319704300e-01,-5.590191013904686201e-01,-2.351307835023903337e-01,9.138014632416201488e-01,-5.703122832391235159e-02,5.792647274257286534e-16,7.449371580656865106e-17,-4.407579054369975113e-18,2.448854610786094791e-17,1.350019108558101722e-17
1.693251242559498770e+00,-1.273220125361462118e+00,1.651814861624447239e+00,-1.332513893097559965e-01,-3.806123319452464071e-01,-3.778942928624093867e-01,1.201890477705543081e-01,-4.344892474523319170e-01,-5.301694195262939696e-02,-1.139522097492652319e-01,-2.480757445726211319e-01,5.765028228232073337e-02,1.634615626867036153e-01,-4.208887563229621320e-01,-2.804951724838746288e-02,-3.480846301201369413e-16,-2.095693115785859064e-17,-1.502346174185324394e-17,4.335152477334674126e-18,-2.876403695958988605e-18
-3.216103456774594527e+00,-2.987024454660431427e+00,-2.370273579940765707e+00,4.529241296784262794e+00,1.604093938745571490e+00,9.231326372932548985e-01,1.124990821080237735e+00,-9.023810034374648570e-01,-1.418303598522743902e+00,1.249797882321468379e+00,4.080850379055693256e-01,1.006018829029766914e+00,3.672904211710126821e-01,4.456722016183872065e-02,2.304484754766419202e-02,9.803971060176164120e-16,-1.254633370154770340e-17,4.747772006895411672e-17,1.731296538056095940e-17,-5.231938809001539290e-19
1.105925804364063847e+00,-7.070921661162373750e-01,-6.351412146427816777e-03,-1.913637375657386341e+00,1.272964979004989505e+00,3.568787806311956579e-01,-1.866870223830790487e-01,-2.838761332606503096e-01,-1.524738634735451459e+00,-2.967237554811119615e-01,4.248029084067316274e-01,-5.439449254345589679e-01,-9.000161241024368444e-03,3.723727681764075759e-01,2.512921963758766100e-02,-1.472916191714947888e-15,-1.088956314075242714e-16,-7.622046865424491866e-17,1.164862055897933482e-17,-7.221113087819184396e-18
3.955391942040969444e-01,1.573346332693392399e-02,5.221113961838363959e-01,4.773502190189711225e-01,-1.631077820851362992e+00,4.890091624441912921e-01,5.310244172799695184e-01,6.805673494730354704e-03,2.098640834368651897e-01,-2.885919658617358552e-01,-5.866557462376097432e-01,4.441646138628189272e-02,-1.474116002753855792e-02,4.461777651950402102e-01,-2.576039911104512775e-02,5.977310218453981575e-16,1.057445993892534013e-16,-1.017333689820032134e-17,1.752724135198181365e-17,7.137090092558404917e-18
-2.790106989409315119e+00,8.399572317756781592e-01,6.432691191771962025e-01,2.335278705736625882e-01,1.092724085311363336e+00,-1.047692759966815323e+00,5.132814995967035360e-02,1.365420558888400249e-01,1.845847183709144190e-01,6.488297613876101155e-02,7.092337009634927525e-02,-2.362630869575478576e-01,-2.620527100726177117e-01,2.361712041806910689e-01,-1.503705714063239551e-01,1.473874339635898915e-15,-5.472100998551998507e-17,1.263984372256616734e-17,3.348101892030871438e-17,9.312758408159107513e-18
1.763918653489193300e+00,6.269002638574412423e-01,2.705868303834415255e-03,9.625766033973039981e-01,-5.725105904001198676e-02,1.253177025661899868e-01,2.058943756113392198e-01,6.253841076728822168e-02,-5.224187696161607386e-01,-4.569690778634964978e-01,-9.369113420275546611e-01,-3.601750448836324447e-01,4.402385948516119862e-01,-2.622132470971049178e-01,-1.920540069783668174e-02,1.610932672388965501e-15,-4.102488326973722945e-17,9.603044352612592969e-18,4.734985156763978713e-19,8.313423796322379160e-19
-2.650771857457565162e+00,4.922366815980787180e+00,1.338801931763237141e+00,3.062024545254523056e-01,-7.631407886623431391e-01,1.557144938818852298e+00,1.275967512057838205e+00,1.758026649723868795e+00,-1.358218951368374006e+00,-5.239484434193477647e-01,4.278159194210663374e-01,2.003465169908079935e-01,-6.978469117554968529e-03,7.451591922423579650e-02,5.750989464189050493e-02,5.037789741933557648e-16,-9.633427810409201655e-17,8.835090612887118065e-18,-1.012887041592406585e-17,7.683106800527275671e-18
1.381292467581299421e+00,3.697924250408626129e-02,1.337429732206157240e+00,2.595456463687729198e-01,1.692506332179843476e+00,-4.612486677265441593e-01,1.760505744068036060e-01,6.923844493898389163e-04,-9.227994308015603497e-01,-5.897327620469607901e-01,5.745004052014128781e-01,-2.920797177520967347e-01,4.367301575139561493e-03,1.022502924286201043e-01,7.849296604607344796e-02,-9.757369994216845940e-16,-1.524120143409662013e-16,-6.164709116403812989e-17,4.857174229492487355e-18,-7.491635368260450570e-18
1.242050013598454683e+00,1.467509747994855562e+00,-1.076258883240296393e+00,1.292973433313965304e+00,-1.968133372228462463e-01,-1.235462086452232322e+00,-1.325076603638147554e-01,5.017249483130603593e-01,1.366932910434981885e+00,5.197984789377583237e-01,-6.899888371962276112e-01,-1.286713245776105741e-01,4.398177323219284313e-02,3.230029358721484556e-01,4.454993355251606751e-03,-2.650815686097708566e-15,3.188395380514626127e-17,-2.829914600717760480e-17,3.710692358246843175e-19,3.165111548425162269e-18
8.358148302722522294e-01,3.424341480762380097e-01,1.574403925288280215e+00,-5.280374169621481206e-01,1.340982104423886101e+00,-2.045233067936754190e-01,7.006300505402332512e-02,-2.124175585839492009e-01,-1.193267936643448657e+00,-1.320733577904995126e+00,7.499703682980414336e-03,-7.749001216993596508e-02,-2.456823795973638730e-02,8.508761515437688328e-01,-4.073095647526094737e-02,6.794864776804570265e-16,-9.754677430716441252e-17,-9.078592574533974356e-17,3.779872976934645115e-17,4.375889297763542761e-18
3.507299844083950902e+00,-4.081826837503295113e-01,1.426912842303432294e+00,-8.506345174542566667e-01,1.640801429660865979e-02,-4.271622737451693519e-01,3.508910355813674165e-01,7.299098094549093252e-02,5.691476195091859092e-01,-5.907460541618163585e-01,5.839651926816371574e-01,7.789076424617821237e-01,2.885782907225965116e-02,-2.856055999711915594e-01,1.618797146437583878e-02,-4.289036468184738384e-16,-1.561502223358623204e-17,-2.767056447582533996e-17,-1.886337319503423871e-17,-2.927670722591147120e-18
-8.678157030163046182e-01,-1.114625995954060311e+00,2.756730879525866929e+00,-7.455248948213470950e-01,-4.907636142523821299e-01,9.079911823748880728e-01,4.928215037340018534e-01,-3.275998352857737439e-01,-1.495196889768895421e+00,-1.140772506858332758e+00,1.911169122855256308e-01,-6.944519172216370717e-02,-2.024035538462761741e-01,-3.806887096200090581e-01,7.793361126519143638e-03,1.746408697105732004e-16,-5.978117131239955655e-17,-3.751364335823631197e-17,1.117279634475953143e-17,-1.901741984679629780e-18
